,Temp,MIC,Genotype,Genotype_Int
0,20,11.3,"[0, 0, 0, 0, 0]",0
1,25,5.65,"[0, 0, 0, 0, 0]",0
2,30,2.0,"[0, 0, 0, 0, 0]",0
3,35,0.175,"[0, 0, 0, 0, 0]",0
4,37,0.09,"[0, 0, 0, 0, 0]",0
5,41,0.015635,"[0, 0, 0, 0, 0]",0
6,20,724.45,"[0, 0, 0, 0, 1]",1
7,25,256.125,"[0, 0, 0, 0, 1]",1
8,30,256.125,"[0, 0, 0, 0, 1]",1
9,35,2.0,"[0, 0, 0, 0, 1]",1
10,37,1.0,"[0, 0, 0, 0, 1]",1
11,41,0.175,"[0, 0, 0, 0, 1]",1
12,20,11.3,"[0, 0, 0, 1, 0]",2
13,25,8.0,"[0, 0, 0, 1, 0]",2
14,30,4.0,"[0, 0, 0, 1, 0]",2
15,35,0.125,"[0, 0, 0, 1, 0]",2
16,37,0.125,"[0, 0, 0, 1, 0]",2
17,41,0.02,"[0, 0, 0, 1, 0]",2
18,20,724.45,"[0, 0, 0, 1, 1]",3
19,25,256.125,"[0, 0, 0, 1, 1]",3
20,30,512.25,"[0, 0, 0, 1, 1]",3
21,35,64.03,"[0, 0, 0, 1, 1]",3
22,37,90.55,"[0, 0, 0, 1, 1]",3
23,41,5.65,"[0, 0, 0, 1, 1]",3
24,20,22.65,"[0, 0, 1, 0, 0]",4
25,25,11.3,"[0, 0, 1, 0, 0]",4
26,30,11.3,"[0, 0, 1, 0, 0]",4
27,35,0.175,"[0, 0, 1, 0, 0]",4
28,37,0.25,"[0, 0, 1, 0, 0]",4
29,41,0.09,"[0, 0, 1, 0, 0]",4
30,20,4098.0,"[0, 0, 1, 0, 1]",5
31,25,2049.0,"[0, 0, 1, 0, 1]",5
32,30,2897.7,"[0, 0, 1, 0, 1]",5
33,35,362.2,"[0, 0, 1, 0, 1]",5
34,37,45.3,"[0, 0, 1, 0, 1]",5
35,41,1.4,"[0, 0, 1, 0, 1]",5
36,20,16.01,"[0, 0, 1, 1, 0]",6
37,25,11.3,"[0, 0, 1, 1, 0]",6
38,30,16.01,"[0, 0, 1, 1, 0]",6
39,35,0.25,"[0, 0, 1, 1, 0]",6
40,37,0.25,"[0, 0, 1, 1, 0]",6
41,41,0.125,"[0, 0, 1, 1, 0]",6
42,20,8096.0,"[0, 0, 1, 1, 1]",7
43,25,4098.0,"[0, 0, 1, 1, 1]",7
44,30,4098.0,"[0, 0, 1, 1, 1]",7
45,35,1448.7,"[0, 0, 1, 1, 1]",7
46,37,1024.5,"[0, 0, 1, 1, 1]",7
47,41,362.2,"[0, 0, 1, 1, 1]",7
48,20,16.01,"[0, 1, 0, 0, 0]",8
49,25,5.65,"[0, 1, 0, 0, 0]",8
50,30,5.65,"[0, 1, 0, 0, 0]",8
51,35,0.09,"[0, 1, 0, 0, 0]",8
52,37,0.125,"[0, 1, 0, 0, 0]",8
53,41,0.045,"[0, 1, 0, 0, 0]",8
54,20,1024.5,"[0, 1, 0, 0, 1]",9
55,25,724.45,"[0, 1, 0, 0, 1]",9
56,30,724.45,"[0, 1, 0, 0, 1]",9
57,35,128.06,"[0, 1, 0, 0, 1]",9
58,37,181.1,"[0, 1, 0, 0, 1]",9
59,41,5.65,"[0, 1, 0, 0, 1]",9
60,20,8.0,"[0, 1, 0, 1, 0]",10
61,25,4.0,"[0, 1, 0, 1, 0]",10
62,30,2.85,"[0, 1, 0, 1, 0]",10
63,35,0.09,"[0, 1, 0, 1, 0]",10
64,37,0.125,"[0, 1, 0, 1, 0]",10
65,41,0.175,"[0, 1, 0, 1, 0]",10
66,20,1448.7,"[0, 1, 0, 1, 1]",11
67,25,724.45,"[0, 1, 0, 1, 1]",11
68,30,724.45,"[0, 1, 0, 1, 1]",11
69,35,181.1,"[0, 1, 0, 1, 1]",11
70,37,362.2,"[0, 1, 0, 1, 1]",11
71,41,45.3,"[0, 1, 0, 1, 1]",11
72,20,128.0,"[0, 1, 1, 0, 0]",12
73,25,32.015,"[0, 1, 1, 0, 0]",12
74,30,32.015,"[0, 1, 1, 0, 0]",12
75,35,1.0,"[0, 1, 1, 0, 0]",12
76,37,1.4,"[0, 1, 1, 0, 0]",12
77,41,0.5,"[0, 1, 1, 0, 0]",12
78,20,8096.0,"[0, 1, 1, 0, 1]",13
79,25,2897.7,"[0, 1, 1, 0, 1]",13
80,30,4098.0,"[0, 1, 1, 0, 1]",13
81,35,1448.7,"[0, 1, 1, 0, 1]",13
82,37,724.5,"[0, 1, 1, 0, 1]",13
83,41,90.55,"[0, 1, 1, 0, 1]",13
84,20,45.3,"[0, 1, 1, 1, 0]",14
85,25,22.65,"[0, 1, 1, 1, 0]",14
86,30,22.65,"[0, 1, 1, 1, 0]",14
87,35,0.705,"[0, 1, 1, 1, 0]",14
88,37,45.3,"[0, 1, 1, 1, 0]",14
89,41,0.25,"[0, 1, 1, 1, 0]",14
90,20,8096.0,"[0, 1, 1, 1, 1]",15
91,25,8096.0,"[0, 1, 1, 1, 1]",15
92,30,4098.0,"[0, 1, 1, 1, 1]",15
93,35,2049.0,"[0, 1, 1, 1, 1]",15
94,37,2049.0,"[0, 1, 1, 1, 1]",15
95,41,512.25,"[0, 1, 1, 1, 1]",15
96,20,16.01,"[1, 0, 0, 0, 0]",16
97,25,8.0,"[1, 0, 0, 0, 0]",16
98,30,5.65,"[1, 0, 0, 0, 0]",16
99,35,0.09,"[1, 0, 0, 0, 0]",16
100,37,0.125,"[1, 0, 0, 0, 0]",16
101,41,0.0625,"[1, 0, 0, 0, 0]",16
102,20,362.2,"[1, 0, 0, 0, 1]",17
103,25,362.2,"[1, 0, 0, 0, 1]",17
104,30,256.125,"[1, 0, 0, 0, 1]",17
105,35,2.85,"[1, 0, 0, 0, 1]",17
106,37,1.0,"[1, 0, 0, 0, 1]",17
107,41,0.25,"[1, 0, 0, 0, 1]",17
108,20,11.3,"[1, 0, 0, 1, 0]",18
109,25,8.0,"[1, 0, 0, 1, 0]",18
110,30,5.65,"[1, 0, 0, 1, 0]",18
111,35,0.09,"[1, 0, 0, 1, 0]",18
112,37,0.125,"[1, 0, 0, 1, 0]",18
113,41,0.25,"[1, 0, 0, 1, 0]",18
114,20,724.45,"[1, 0, 0, 1, 1]",19
115,25,362.2,"[1, 0, 0, 1, 1]",19
116,30,512.25,"[1, 0, 0, 1, 1]",19
117,35,128.06,"[1, 0, 0, 1, 1]",19
118,37,64.03,"[1, 0, 0, 1, 1]",19
119,41,16.01,"[1, 0, 0, 1, 1]",19
120,20,22.65,"[1, 0, 1, 0, 0]",20
121,25,16.01,"[1, 0, 1, 0, 0]",20
122,30,22.65,"[1, 0, 1, 0, 0]",20
123,35,0.355,"[1, 0, 1, 0, 0]",20
124,37,0.25,"[1, 0, 1, 0, 0]",20
125,41,0.09,"[1, 0, 1, 0, 0]",20
126,20,4098.0,"[1, 0, 1, 0, 1]",21
127,25,2049.0,"[1, 0, 1, 0, 1]",21
128,30,4098.0,"[1, 0, 1, 0, 1]",21
129,35,181.1,"[1, 0, 1, 0, 1]",21
130,37,4.0,"[1, 0, 1, 0, 1]",21
131,41,2.0,"[1, 0, 1, 0, 1]",21
132,20,16.01,"[1, 0, 1, 1, 0]",22
133,25,11.3,"[1, 0, 1, 1, 0]",22
134,30,16.01,"[1, 0, 1, 1, 0]",22
135,35,0.25,"[1, 0, 1, 1, 0]",22
136,37,0.355,"[1, 0, 1, 1, 0]",22
137,41,0.175,"[1, 0, 1, 1, 0]",22
138,20,4098.0,"[1, 0, 1, 1, 1]",23
139,25,2897.7,"[1, 0, 1, 1, 1]",23
140,30,4098.0,"[1, 0, 1, 1, 1]",23
141,35,1448.7,"[1, 0, 1, 1, 1]",23
142,37,1024.5,"[1, 0, 1, 1, 1]",23
143,41,724.45,"[1, 0, 1, 1, 1]",23
144,20,11.3,"[1, 1, 0, 0, 0]",24
145,25,8.0,"[1, 1, 0, 0, 0]",24
146,30,8.0,"[1, 1, 0, 0, 0]",24
147,35,0.25,"[1, 1, 0, 0, 0]",24
148,37,2.85,"[1, 1, 0, 0, 0]",24
149,41,0.0625,"[1, 1, 0, 0, 0]",24
150,20,1448.7,"[1, 1, 0, 0, 1]",25
151,25,724.45,"[1, 1, 0, 0, 1]",25
152,30,724.45,"[1, 1, 0, 0, 1]",25
153,35,181.1,"[1, 1, 0, 0, 1]",25
154,37,32.015,"[1, 1, 0, 0, 1]",25
155,41,4.0,"[1, 1, 0, 0, 1]",25
156,20,11.3,"[1, 1, 0, 1, 0]",26
157,25,5.65,"[1, 1, 0, 1, 0]",26
158,30,5.65,"[1, 1, 0, 1, 0]",26
159,35,0.25,"[1, 1, 0, 1, 0]",26
160,37,0.125,"[1, 1, 0, 1, 0]",26
161,41,0.09,"[1, 1, 0, 1, 0]",26
162,20,2049.0,"[1, 1, 0, 1, 1]",27
163,25,1024.5,"[1, 1, 0, 1, 1]",27
164,30,1448.7,"[1, 1, 0, 1, 1]",27
165,35,362.2,"[1, 1, 0, 1, 1]",27
166,37,181.1,"[1, 1, 0, 1, 1]",27
167,41,90.55,"[1, 1, 0, 1, 1]",27
168,20,64.03,"[1, 1, 1, 0, 0]",28
169,25,22.65,"[1, 1, 1, 0, 0]",28
170,30,64.03,"[1, 1, 1, 0, 0]",28
171,35,1.0,"[1, 1, 1, 0, 0]",28
172,37,1.0,"[1, 1, 1, 0, 0]",28
173,41,0.25,"[1, 1, 1, 0, 0]",28
174,20,4098.0,"[1, 1, 1, 0, 1]",29
175,25,4098.0,"[1, 1, 1, 0, 1]",29
176,30,8096.0,"[1, 1, 1, 0, 1]",29
177,35,2049.0,"[1, 1, 1, 0, 1]",29
178,37,1024.5,"[1, 1, 1, 0, 1]",29
179,41,128.0625,"[1, 1, 1, 0, 1]",29
180,20,32.015,"[1, 1, 1, 1, 0]",30
181,25,16.01,"[1, 1, 1, 1, 0]",30
182,30,45.3,"[1, 1, 1, 1, 0]",30
183,35,1.0,"[1, 1, 1, 1, 0]",30
184,37,0.705,"[1, 1, 1, 1, 0]",30
185,41,0.5,"[1, 1, 1, 1, 0]",30
186,20,4098.0,"[1, 1, 1, 1, 1]",31
187,25,2897.7,"[1, 1, 1, 1, 1]",31
188,30,4098.0,"[1, 1, 1, 1, 1]",31
189,35,2049.0,"[1, 1, 1, 1, 1]",31
190,37,1448.7,"[1, 1, 1, 1, 1]",31
191,41,1448.7,"[1, 1, 1, 1, 1]",31
